d5ecd6ae-0ffa-11ed-b38b-11b6e34f35bc.jpg,[]
d75b60be-0ffa-11ed-b38b-11b6e34f35bc.jpg,[]
d8d4f496-0ffa-11ed-b38b-11b6e34f35bc.jpg,[]
da47ba3e-0ffa-11ed-b38b-11b6e34f35bc.jpg,[]
dc0c2fb2-0ffa-11ed-b38b-11b6e34f35bc.jpg,[]
dd87d1fc-0ffa-11ed-b38b-11b6e34f35bc.jpg,[]
defa0e38-0ffa-11ed-b38b-11b6e34f35bc.jpg,['NBC 1234/']
e07648b2-0ffa-11ed-b38b-11b6e34f35bc.jpg,[]
e1e5f378-0ffa-11ed-b38b-11b6e34f35bc.jpg,[]
e368be1a-0ffa-11ed-b38b-11b6e34f35bc.jpg,[]
e4e3b59c-0ffa-11ed-b38b-11b6e34f35bc.jpg,[]
e6636390-0ffa-11ed-b38b-11b6e34f35bc.jpg,[]
e7deb364-0ffa-11ed-b38b-11b6e34f35bc.jpg,[]
e959bfcc-0ffa-11ed-b38b-11b6e34f35bc.jpg,[]
eabf89f0-0ffa-11ed-b38b-11b6e34f35bc.jpg,[]
19167052-0ffb-11ed-b38b-11b6e34f35bc.jpg,['QWTZMJ']
1a7d41dc-0ffb-11ed-b38b-11b6e34f35bc.jpg,['MHI2 DE1433']
1bdf1672-0ffb-11ed-b38b-11b6e34f35bc.jpg,['HH1ZDE1433']
1d40653e-0ffb-11ed-b38b-11b6e34f35bc.jpg,['MHIZDE1433']
1ea3472a-0ffb-11ed-b38b-11b6e34f35bc.jpg,['HHIZ DE1433']
2006ceb6-0ffb-11ed-b38b-11b6e34f35bc.jpg,"['HH1Z DE1433,']"
216f5e62-0ffb-11ed-b38b-11b6e34f35bc.jpg,['HHI2 DE1433']
238eb832-0ffb-11ed-b38b-11b6e34f35bc.jpg,['MH12 DE1433']
24f78866-0ffb-11ed-b38b-11b6e34f35bc.jpg,[]
2662ddf4-0ffb-11ed-b38b-11b6e34f35bc.jpg,[]
27c85cf0-0ffb-11ed-b38b-11b6e34f35bc.jpg,[]
2930d158-0ffb-11ed-b38b-11b6e34f35bc.jpg,[]
2aa27db6-0ffb-11ed-b38b-11b6e34f35bc.jpg,[]
2c038362-0ffb-11ed-b38b-11b6e34f35bc.jpg,[]
2d65717a-0ffb-11ed-b38b-11b6e34f35bc.jpg,[]
2ec49ba4-0ffb-11ed-b38b-11b6e34f35bc.jpg,[]
30267e36-0ffb-11ed-b38b-11b6e34f35bc.jpg,['0H12 DE1433/']
3187ac78-0ffb-11ed-b38b-11b6e34f35bc.jpg,['0H12 DE1433']
32ef35e0-0ffb-11ed-b38b-11b6e34f35bc.jpg,[]
34aa2b2e-0ffb-11ed-b38b-11b6e34f35bc.jpg,['0H12 DE1433']
7633de28-0ffb-11ed-b38b-11b6e34f35bc.jpg,[]
7790af80-0ffb-11ed-b38b-11b6e34f35bc.jpg,[]
78fe9bc0-0ffb-11ed-b38b-11b6e34f35bc.jpg,[]
7a5c16a0-0ffb-11ed-b38b-11b6e34f35bc.jpg,['Aha 8208']
7bba4404-0ffb-11ed-b38b-11b6e34f35bc.jpg,['aha 8208|']
7d188824-0ffb-11ed-b38b-11b6e34f35bc.jpg,['aha 8208']
7e788ea8-0ffb-11ed-b38b-11b6e34f35bc.jpg,['aha 8208']
7fd63a98-0ffb-11ed-b38b-11b6e34f35bc.jpg,[]
81368618-0ffb-11ed-b38b-11b6e34f35bc.jpg,[]
82935fc2-0ffb-11ed-b38b-11b6e34f35bc.jpg,[]
83f4ad6c-0ffb-11ed-b38b-11b6e34f35bc.jpg,[]
85525240-0ffb-11ed-b38b-11b6e34f35bc.jpg,[]
86b0c626-0ffb-11ed-b38b-11b6e34f35bc.jpg,['aha 8208']
880e8bfc-0ffb-11ed-b38b-11b6e34f35bc.jpg,[]
896c7950-0ffb-11ed-b38b-11b6e34f35bc.jpg,[]
8ac982de-0ffb-11ed-b38b-11b6e34f35bc.jpg,[]
8c2b515c-0ffb-11ed-b38b-11b6e34f35bc.jpg,[]
8d8a4ba2-0ffb-11ed-b38b-11b6e34f35bc.jpg,['Aha 8208']
8ee78c1c-0ffb-11ed-b38b-11b6e34f35bc.jpg,[]
904b9bf2-0ffb-11ed-b38b-11b6e34f35bc.jpg,['aha 8208']
91ab2bf2-0ffb-11ed-b38b-11b6e34f35bc.jpg,[]
930a5766-0ffb-11ed-b38b-11b6e34f35bc.jpg,['aha 8208']
9466d102-0ffb-11ed-b38b-11b6e34f35bc.jpg,[]
95c46410-0ffb-11ed-b38b-11b6e34f35bc.jpg,['Aha 8208']
97210f02-0ffb-11ed-b38b-11b6e34f35bc.jpg,[]
98841db2-0ffb-11ed-b38b-11b6e34f35bc.jpg,[]
